"diagnosis","count","percentage"
0,160,53.8720538720539
1,137,46.1279461279461
